CodiceBatteria,ItipoB,AlCS,Psq,Descrizione,PassoRanghi,PassoTubi,DiamEster,Spessoretubo,SpessoreAletta,AltezzaAletta,FatCorAl,FatRidAumSup,FatCoeflattub,FatCorrFatAttr,RidAreaPassTubo,Sigla,FattoreAttrAria,SlopeFatCorAl,SlopeFatCoeflattub,SlopeFatCorrFatAttr,SlopeFattoreAttrAria,FattoreAttrAriaLatente,RappSuperficiInterne,FattoreSensible,Fast,SecurityFactor,MultiFattori,TuboLiscio,Certificata,Parziale,UsaSistemaLE,Fat_PDC_LA_1,Fat_PDC_LC_1,Fat_PDC_LA_2,Fat_PDC_LC_2,Fat_PDC_LA_3,Fat_PDC_LC_3,Fat_PDC_LA_4,Fat_PDC_LC_4,AlterPumpMethod,Factor_A0,Factor_A1,Factor_A2,Factor_FATC,Fatt_PdC_Concentrate,FormaTubo,AltezzaTubo,LarghezzaTubo,TipoAletta,TipoTubo,ParametriSpeciali,Fatt_Exp1,Fatt_Exp2,AHRI_CERT,EUROVENT_CERT,Fatt_Exp3,Fatt_Exp4,Fatt_Exp5,Fatt_Exp6
3,1,1,"S","103216_S_S",16,32,10.3,0.35,0.12,0,1,1,1,1,1,"103216_S_S",1,1,1,1,1,1,1,0.6,0,1,0,0,0,0,0,,,,,,,,,0,1,0,0,1,,1,,,1,1,,0.2,0.2,-1,0,0.2,0.2,0.2,0.2
7,1,1,"S","174035_S_S",34.64,40,16.65,0.35,0.12,0,1,1,1,1,1,"174035_S_S",1,1,1,1,1,1,1,0.6,0,1,0,0,0,0,0,,,,,,,,,0,1,0,0,1,,1,,,1,1,,0.2,0.2,-1,0,0.2,0.2,0.2,0.2
10,1,1,"S","123328_S_S",28,33,12,0.35,0.12,0,1,1,1,1,1,"123328_S_S",1,1,1,1,1,1,1,0.6,0,1,0,0,0,0,0,,,,,,,,,0,1,0,0,1,,1,,,1,1,,0.2,0.2,-1,0,0.2,0.2,0.2,0.2
13,1,1,"S","163838_S_S",38,38,16.5,0.35,0.12,0,1,1,1,1,1,"163838_S_S",1,1,1,1,1,1,1,0.6,0,1,0,0,0,0,0,,,,,,,,,0,1,0,0,1,,1,,,1,1,,0.2,0.2,-1,0,0.2,0.2,0.2,0.2
16,1,1,"S","102626_S_S",26,26,10,0.35,0.12,0,1,1,1,1,1,"102626_S_S",1,1,1,1,1,1,1,0.6,0,1,0,0,0,0,0,,,,,,,,,0,1,0,0,1,,1,,,1,1,,0.2,0.2,-1,0,0.2,0.2,0.2,0.2
20,1,1,"S","256060_S_S",60,60,25,0.35,0.12,0,1,1,1,1,1,"256060_S_S",1,1,1,1,1,1,1,0.6,0,1,0,0,0,0,0,,,,,,,,,0,1,0,0,1,,1,,,1,1,,0.2,0.2,-1,0,0.2,0.2,0.2,0.2
22,1,1,"S","123026_S_S",26,30,12,0.35,0.12,0,1,1,1,1,1,"123026_S_S",1,1,1,1,1,1,1,0.6,0,1,0,0,0,0,0,,,,,,,,,0,1,0,0,1,,1,,,1,1,,0.2,0.2,-1,0,0.2,0.2,0.2,0.2
28,1,1,"S","176638_S_S",38,66,16.6,0.35,0.12,0,1,1,1,1,1,"176638_S_S",1,1,1,1,1,1,1,0.6,0,1,0,0,0,0,0,,,,,,,,,0,1,0,0,1,,1,,,1,1,,0.2,0.2,-1,0,0.2,0.2,0.2,0.2
32,1,1,"S","166440_S_S",40,63.5,16,0.35,0.12,0,1,1,1,1,1,"166440_S_S",1,1,1,1,1,1,1,0.6,0,1,0,0,0,0,0,,,,,,,,,0,1,0,0,1,,1,,,1,1,,0.2,0.2,-1,0,0.2,0.2,0.2,0.2
35,1,1,"S","133026_C_S",25.98,30,12.6,0.35,0.1,0,1.15,1,1,1,1,"133026_C_S",1.25,1,1,1,1,1,1,0.6,0,1,0,0,0,0,0,,,,,,,,,0,1,0,0,1,,1,,,2,1,,0.2,0.2,-1,0,0.2,0.2,0.2,0.2
37,1,1,"S","072512_C_G",12.5,25,7.2,0.35,0.1,0,1.15,1,1.25,1.35,1,"072512_C_G",1.25,1,1,1,1,1,1,0.6,0,1,0,0,0,0,0,,,,,,,,,0,1,0,0,1,,1,,,2,3,,0.2,0.2,-1,0,0.2,0.2,0.2,0.2
40,1,1,"S","072512_P_G",12.5,25,7.2,0.35,0.1,0,0.95,1,1.25,1.35,1,"072512_P_G",1,1,1,1,1,1,1,0.6,0,1,0,0,0,0,0,,,,,,,,,0,1,0,0,1,,1,,,3,3,,0.2,0.2,-1,0,0.2,0.2,0.2,0.2
43,1,1,"S","102512_C_G",12.5,25,9.539999999999999,0.35,0.1,0,1.15,1,1.25,1.35,1,"102512_C_G",1.25,1,1,1,1,1,1,0.6,0,1,0,0,0,0,0,,,,,,,,,0,1,0,0,1,,1,,,2,3,,0.2,0.2,-1,0,0.2,0.2,0.2,0.2
46,1,1,"S","102522_C_G",21.65,25,9.539999999999999,0.35,0.1,0,1.15,1,1.25,1.35,1,"102522_C_G",1.25,1,1,1,1,1,1,0.6,1,1,0,0,0,0,0,,,,,,,,,0,1,0,0,1,,1,,,2,3,,0.2,0.2,-1,0,0.2,0.2,0.2,0.2
48,1,1,"S","102522_S_D",21.65,25,9.539999999999999,0.35,0.1,0,1,1,1.45,1.55,1,"102522_S_D",1,1,1,1,1,1,1,0.6,0,1,0,0,0,0,0,,,,,,,,,0,1,0,0,1,,1,,,1,4,,0.2,0.2,-1,0,0.2,0.2,0.2,0.2
51,1,1,"S","102522_P_D",21.65,25,9.539999999999999,0.35,0.1,0,0.95,1,1.45,1.55,1,"102522_P_D",1,1,1,1,1,1,1,0.6,0,1,0,0,0,0,0,,,,,,,,,0,1,0,0,1,,1,,,3,4,,0.2,0.2,-1,0,0.2,0.2,0.2,0.2
54,1,1,"Q","102525_C_D",25,25,9.539999999999999,0.35,0.1,0,1.15,1,1.45,1.55,1,"102525_C_D",1.25,1,1,1,1,1,1,0.6,0,1,0,0,0,0,0,,,,,,,,,0,1,0,0,1,,1,,,2,4,,0.2,0.2,-1,0,0.2,0.2,0.2,0.2
57,1,1,"Q","103535_S_D",35,35,9.539999999999999,0.35,0.1,0,1,1,1.45,1.55,1,"103535_S_D",1,1,1,1,1,1,1,0.6,0,1,0,0,0,0,0,,,,,,,,,0,1,0,0,1,,1,,,1,4,,0.2,0.2,-1,0,0.2,0.2,0.2,0.2
59,1,1,"Q","103535_S_S",35,35,9.539999999999999,0.35,0.1,0,1,1,1,1,1,"103535_S_S",1,1,1,1,1,1,1,0.6,0,1,0,0,0,0,0,,,,,,,,,0,1,0,0,1,,1,,,1,1,,0.2,0.2,-1,0,0.2,0.2,0.2,0.2
62,1,1,"S","072512_S_D",12.5,25,7.2,0.35,0.1,0,1,1,1.45,1.55,1,"072512_S_D",1,1,1,1,1,1,1,0.6,0,1,0,0,0,0,0,,,,,,,,,0,1,0,0,1,,1,,,1,4,,0.2,0.2,-1,0,0.2,0.2,0.2,0.2
65,1,1,"S","072512_L_D",12.5,25,7.2,0.35,0.1,0,1.45,1,1.45,1.55,1,"072512_L_D",1.55,1,1,1,1,1,1,0.6,0,1,0,0,0,0,0,,,,,,,,,0,1,0,0,1,,1,,,5,4,,0.2,0.2,-1,0,0.2,0.2,0.2,0.2
68,1,1,"S","102512_S_D",12.5,25,9.539999999999999,0.35,0.1,0,1,1,1.45,1.55,1,"102512_S_D",1,1,1,1,1,1,1,0.6,0,1,0,0,0,0,0,,,,,,,,,0,1,0,0,1,,1,,,1,4,,0.2,0.2,-1,0,0.2,0.2,0.2,0.2
70,1,1,"S","102512_S_S",12.5,25,9.539999999999999,0.35,0.1,0,1,1,1,1,1,"102512_S_S",1,1,1,1,1,1,1,0.6,1,1,0,0,0,0,0,,,,,,,,,0,1,0,0,1,,1,,,1,1,,0.2,0.2,-1,0,0.2,0.2,0.2,0.2
73,1,1,"S","102512_P_S",12.5,25,9.539999999999999,0.35,0.1,0,0.95,1,1,1,1,"102512_P_S",1,1,1,1,1,1,1,0.6,0,1,0,0,0,0,0,,,,,,,,,0,1,0,0,1,,1,,,3,1,,0.2,0.2,-1,0,0.2,0.2,0.2,0.2
76,1,1,"S","102512_L_S",12.5,25,9.539999999999999,0.35,0.1,0,1.45,1,1,1,1,"102512_L_S",1.55,1,1,1,1,1,1,0.6,0,1,0,0,0,0,0,,,,,,,,,0,1,0,0,1,,1,,,5,1,,0.2,0.2,-1,0,0.2,0.2,0.2,0.2
79,1,1,"S","102522_L_S",21.65,25,9.539999999999999,0.35,0.1,0,1.45,1,1,1,1,"102522_L_S",1.55,1,1,1,1,1,1,0.6,1,1,0,0,0,0,0,,,,,,,,,0,1,0,0,1,,1,,,5,1,,0.2,0.2,-1,0,0.2,0.2,0.2,0.2
81,1,1,"Q","102525_S_G",25,25,9.539999999999999,0.35,0.1,0,1,1,1.25,1.35,1,"102525_S_G",1,1,1,1,1,1,1,0.6,0,1,0,0,0,0,0,,,,,,,,,0,1,0,0,1,,1,,,1,3,,0.2,0.2,-1,0,0.2,0.2,0.2,0.2
84,1,1,"Q","102525_P_G",25,25,9.539999999999999,0.35,0.1,0,0.95,1,1.25,1.35,1,"102525_P_G",1,1,1,1,1,1,1,0.6,0,1,0,0,0,0,0,,,,,,,,,0,1,0,0,1,,1,,,3,3,,0.2,0.2,-1,0,0.2,0.2,0.2,0.2
87,1,1,"Q","102525_L_G",25,25,9.539999999999999,0.35,0.1,0,1.45,1,1.25,1.35,1,"102525_L_G",1.55,1,1,1,1,1,1,0.6,0,1,0,0,0,0,0,,,,,,,,,0,1,0,0,1,,1,,,5,3,,0.2,0.2,-1,0,0.2,0.2,0.2,0.2
90,1,1,"S","133832_S_D",32.48,37.5,12.7,0.35,0.1,0,1,1,1.45,1.55,1,"133832_S_D",1,1,1,1,1,1,1,0.6,0,1,0,0,0,0,0,,,,,,,,,0,1,0,0,1,,1,,,1,4,,0.2,0.2,-1,0,0.2,0.2,0.2,0.2
92,1,1,"S","133832_S_S",32.48,37.5,12.7,0.35,0.1,0,1,1,1,1,1,"133832_S_S",1,1,1,1,1,1,1,0.6,0,1,0,0,0,0,0,,,,,,,,,0,1,0,0,1,,1,,,1,1,,0.2,0.2,-1,0,0.2,0.2,0.2,0.2
95,1,1,"S","133832_P_S",32.48,37.5,12.7,0.35,0.1,0,0.95,1,1,1,1,"133832_P_S",1,1,1,1,1,1,1,0.6,0,1,0,0,0,0,0,,,,,,,,,0,1,0,0,1,,1,,,3,1,,0.2,0.2,-1,0,0.2,0.2,0.2,0.2
98,1,1,"S","133832_L_S",32.48,37.5,12.7,0.35,0.1,0,1.45,1,1,1,1,"133832_L_S",1.55,1,1,1,1,1,1,0.6,0,1,0,0,0,0,0,,,,,,,,,0,1,0,0,1,,1,,,5,1,,0.2,0.2,-1,0,0.2,0.2,0.2,0.2
101,1,1,"S","165043_C_D",43.3,50,15.88,0.35,0.1,0,1.15,1,1.45,1.55,1,"165043_C_D",1.25,1,1,1,1,1,1,0.6,0,1,0,0,0,0,0,,,,,,,,,0,1,0,0,1,,1,,,2,4,,0.2,0.2,-1,0,0.2,0.2,0.2,0.2
103,1,1,"S","165043_C_S",43.3,50,15.88,0.35,0.1,0,1.15,1,1,1,1,"165043_C_S",1.25,1,1,1,1,1,1,0.6,0,1,0,0,0,0,0,,,,,,,,,0,1,0,0,1,,1,,,2,1,,0.2,0.2,-1,0,0.2,0.2,0.2,0.2
106,1,1,"S","165043_P_S",43.3,50,15.88,0.35,0.1,0,0.95,1,1,1,1,"165043_P_S",1,1,1,1,1,1,1,0.6,0,1,0,0,0,0,0,,,,,,,,,0,1,0,0,1,,1,,,3,1,,0.2,0.2,-1,0,0.2,0.2,0.2,0.2
109,1,1,"S","165043_L_S",43.3,50,15.88,0.35,0.1,0,1.45,1,1,1,1,"165043_L_S",1.55,1,1,1,1,1,1,0.6,0,1,0,0,0,0,0,,,,,,,,,0,1,0,0,1,,1,,,5,1,,0.2,0.2,-1,0,0.2,0.2,0.2,0.2
113,1,1,"S","133026_S_S",25.98,30,12.6,0.35,0.1,0,1,1,1,1,1,"133026_S_S",1,1,1,1,1,1,1,0.6,0,1,0,0,0,0,0,,,,,,,,,0,1,0,0,1,,1,,,1,1,,0.2,0.2,-1,0,0.2,0.2,0.2,0.2
115,1,1,"S","133026_S_D",25.98,30,12.6,0.35,0.1,0,1,1,1.45,1.55,1,"133026_S_D",1,1,1,1,1,1,1,0.6,0,1,0,0,0,0,0,,,,,,,,,0,1,0,0,1,,1,,,1,4,,0.2,0.2,-1,0,0.2,0.2,0.2,0.2
118,1,1,"S","133026_P_D",25.98,30,12.6,0.35,0.1,0,0.95,1,1.45,1.55,1,"133026_P_D",1,1,1,1,1,1,1,0.6,0,1,0,0,0,0,0,,,,,,,,,0,1,0,0,1,,1,,,3,4,,0.2,0.2,-1,0,0.2,0.2,0.2,0.2
121,1,1,"S","133026_L_D",25.98,30,12.6,0.35,0.1,0,1.45,1,1.45,1.55,1,"133026_L_D",1.55,1,1,1,1,1,1,0.6,0,1,0,0,0,0,0,,,,,,,,,0,1,0,0,1,,1,,,5,4,,0.2,0.2,-1,0,0.2,0.2,0.2,0.2
145,1,1,"S","176030_S_S",30,60,16.6,0.4,0.18,1.26,1,1,1,1,1,"176030_S_S",1,1,1,1,1,1,1,0,0,1,0,0,0,0,0,,,,,,,,,0,1,0,0,1,,1,,,1,1,,0.2,0.2,-1,0,0.2,0.2,0.2,0.2
155,1,1,"S","133227_C_M",27.43,31.75,12.7,0.41,0.12,0,1.15,1,1.1,1.2,1,"133227_C_M",1.25,1,1,1,1,1,1,0.6,0,1,0,0,0,0,0,,,,,,,,,0,1,0,0,1,,1,,,2,2,,0.2,0.2,-1,0,0.2,0.2,0.2,0.2
158,1,1,"Q","165050_x_S",50,50,15.88,0.35,0.1,0,1,1,1,1,1,"165050_x_S",1,1,1,1,1,1,1,0,1,1,0,1,0,0,0,,,,,,,,,0,1,0,0,1,,1,,,1,1,,0.2,0.2,-1,0,0.2,0.2,0.2,0.2
161,1,2,"Q","256060_x_S",60,60,25.4,0.35,0.1,0,1,1,1,1,1,"256060_x_S",1,1,1,1,1,1,1,0,1,1,0,1,0,0,0,,,,,,,,,0,1,0,0,1,,1,,,1,1,,0.2,0.2,-1,0,0.2,0.2,0.2,0.2
1,1,1,"S","082522_S_S",22,25,8.5,0.35,0.12,0,1,1,1,1,1,"082522_S_S",1,1,1,1,1,1,1,0.6,0,1,0,0,0,0,0,,,,,,,,,0,1,0,0,1,,1,,,1,1,,0.2,0.2,-1,0,0.2,0.2,0.2,0.2
4,1,1,"Q","103232_S_S",32,32,10.3,0.35,0.12,0,1,1,1,1,1,"103232_S_S",1,1,1,1,1,1,1,0.6,0,1,0,0,0,0,0,,,,,,,,,0,1,0,0,1,,1,,,1,1,,0.2,0.2,-1,0,0.2,0.2,0.2,0.2
6,1,1,"S","134035_S_S",34.64,40,13.3,0.35,0.12,0,1,1,1,1,1,"134035_S_S",1,1,1,1,1,1,1,0.6,0,1,0,0,0,0,0,,,,,,,,,0,1,0,0,1,,1,,,1,1,,0.2,0.2,-1,0,0.2,0.2,0.2,0.2
8,1,1,"Q","173866_S_S",66,38.1,16.65,0.35,0.12,0,1,1,1,1,1,"173866_S_S",1,1,1,1,1,1,1,0.6,0,1,0,0,0,0,0,,,,,,,,,0,1,0,0,1,,1,,,1,1,,0.2,0.2,-1,0,0.2,0.2,0.2,0.2
11,1,1,"S","123030_S_S",30,30,12.5,0.35,0.12,0,1,1,1,1,1,"123030_S_S",1,1,1,1,1,1,1,0.6,0,1,0,0,0,0,0,,,,,,,,,0,1,0,0,1,,1,,,1,1,,0.2,0.2,-1,0,0.2,0.2,0.2,0.2
12,1,1,"S","166030_S_S",30,60,15.87,0.35,0.12,0,1,1,1,1,1,"166030_S_S",1,1,1,1,1,1,1,0.6,0,1,0,0,0,0,0,,,,,,,,,0,1,0,0,1,,1,,,1,1,,0.2,0.2,-1,0,0.2,0.2,0.2,0.2
14,1,1,"S","276065_S_S",65,60,27,0.35,0.12,0,1,1,1,1,1,"276065_S_S",1,1,1,1,1,1,1,0.6,0,1,0,0,0,0,0,,,,,,,,,0,1,0,0,1,,1,,,1,1,,0.2,0.2,-1,0,0.2,0.2,0.2,0.2
15,1,1,"S","276058_S_S",58,60,26.7,0.35,0.12,0,1,1,1,1,1,"276058_S_S",1,1,1,1,1,1,1,0.6,0,1,0,0,0,0,0,,,,,,,,,0,1,0,0,1,,1,,,1,1,,0.2,0.2,-1,0,0.2,0.2,0.2,0.2
17,1,1,"S","081811_S_S",11,18,8,0.35,0.12,0,1,1,1,1,1,"081811_S_S",1,1,1,1,1,1,1,0.6,0,1,0,0,0,0,0,,,,,,,,,0,1,0,0,1,,1,,,1,1,,0.2,0.2,-1,0,0.2,0.2,0.2,0.2
19,1,1,"S","102017_S_S",17,20,10,0.35,0.12,0,1,1,1,1,1,"102017_S_S",1,1,1,1,1,1,1,0.6,0,1,0,0,0,0,0,,,,,,,,,0,1,0,0,1,,1,,,1,1,,0.2,0.2,-1,0,0.2,0.2,0.2,0.2
21,1,1,"S","072616_S_S",16,26,6.52,0.35,0.12,0,1,1,1,1,1,"072616_S_S",1,1,1,1,1,1,1,0.6,0,1,0,0,0,0,0,,,,,,,,,0,1,0,0,1,,1,,,1,1,,0.2,0.2,-1,0,0.2,0.2,0.2,0.2
25,1,1,"S","134034_S_S",34,40,13.3,0.35,0.12,0,1,1,1,1,1,"134034_S_S",1,1,1,1,1,1,1,0.6,0,1,0,0,0,0,0,,,,,,,,,0,1,0,0,1,,1,,,1,1,,0.2,0.2,-1,0,0.2,0.2,0.2,0.2
27,1,1,"S","173833_S_S",33,38,16.6,0.35,0.12,0,1,1,1,1,1,"173833_S_S",1,1,1,1,1,1,1,0.6,0,1,0,0,0,0,0,,,,,,,,,0,1,0,0,1,,1,,,1,1,,0.2,0.2,-1,0,0.2,0.2,0.2,0.2
29,1,1,"S","206060_S_S",60,60,20,0.35,0.12,0,1,1,1,1,1,"206060_S_S",1,1,1,1,1,1,1,0.6,0,1,0,0,0,0,0,,,,,,,,,0,1,0,0,1,,1,,,1,1,,0.2,0.2,-1,0,0.2,0.2,0.2,0.2
30,1,1,"S","155050_S_S",50,50,15,0.35,0.12,0,1,1,1,1,1,"155050_S_S",1,1,1,1,1,1,1,0.6,0,1,0,0,0,0,0,,,,,,,,,0,1,0,0,1,,1,,,1,1,,0.2,0.2,-1,0,0.2,0.2,0.2,0.2
33,1,1,"S","165043_S_S",43.3,50,15.88,0.35,0.1,0,1,1,1,1,1,"165043_S_S",1,1,1,1,1,1,1,0.6,0,1,0,0,0,0,0,,,,,,,,,0,1,0,0,1,,1,,,1,1,,0.2,0.2,-1,0,0.2,0.2,0.2,0.2
34,1,1,"S","166030_C_S",30,60,15.88,0.35,0.1,0,1.15,1,1,1,1,"166030_C_S",1.25,1,1,1,1,1,1,0.6,0,1,0,0,0,0,0,,,,,,,,,0,1,0,0,1,,1,,,2,1,,0.2,0.2,-1,0,0.2,0.2,0.2,0.2
36,1,1,"S","072512_C_D",12.5,25,7.2,0.35,0.1,0,1.15,1,1.45,1.55,1,"072512_C_D",1.25,1,1,1,1,1,1,0.6,0,1,0,0,0,0,0,,,,,,,,,0,1,0,0,1,,1,,,2,4,,0.2,0.2,-1,0,0.2,0.2,0.2,0.2
38,1,1,"S","072512_C_S",12.5,25,7.2,0.35,0.1,0,1.15,1,1,1,1,"072512_C_S",1.25,1,1,1,1,1,1,0.6,0,1,0,0,0,0,0,,,,,,,,,0,1,0,0,1,,1,,,2,1,,0.2,0.2,-1,0,0.2,0.2,0.2,0.2
39,1,1,"S","072512_P_D",12.5,25,7.2,0.35,0.1,0,0.95,1,1.45,1.55,1,"072512_P_D",1,1,1,1,1,1,1,0.6,0,1,0,0,0,0,0,,,,,,,,,0,1,0,0,1,,1,,,3,4,,0.2,0.2,-1,0,0.2,0.2,0.2,0.2
41,1,1,"S","072512_P_S",12.5,25,7.2,0.35,0.1,0,0.95,1,1,1,1,"072512_P_S",1,1,1,1,1,1,1,0.6,0,1,0,0,0,0,0,,,,,,,,,0,1,0,0,1,,1,,,3,1,,0.2,0.2,-1,0,0.2,0.2,0.2,0.2
42,1,1,"S","102512_C_D",12.5,25,9.539999999999999,0.35,0.1,0,1.15,1,1.45,1.55,1,"102512_C_D",1.25,1,1,1,1,1,1,0.6,0,1,0,0,0,0,0,,,,,,,,,0,1,0,0,1,,1,,,2,4,,0.2,0.2,-1,0,0.2,0.2,0.2,0.2
44,1,1,"S","102512_C_S",12.5,25,9.539999999999999,0.35,0.1,0,1.15,1,1,1,1,"102512_C_S",1.25,1,1,1,1,1,1,0.6,0,1,0,0,0,0,0,,,,,,,,,0,1,0,0,1,,1,,,2,1,,0.2,0.2,-1,0,0.2,0.2,0.2,0.2
45,1,1,"S","102522_C_D",21.65,25,9.539999999999999,0.35,0.1,0,1.15,1,1.45,1.55,1,"102522_C_D",1.25,1,1,1,1,1,1,0.6,0,1,0,0,0,0,0,,,,,,,,,0,1,0,0,1,,1,,,2,4,,0.2,0.2,-1,0,0.2,0.2,0.2,0.2
47,1,1,"S","102522_C_S",21.65,25,9.539999999999999,0.35,0.1,0,1.15,1,1,1,1,"102522_C_S",1.25,1,1,1,1,1,1,0.6,1,1,0,0,0,0,0,,,,,,,,,0,1,0,0,1,,1,,,2,1,,0.2,0.2,-1,0,0.2,0.2,0.2,0.2
49,1,1,"S","102522_S_G",21.65,25,9.539999999999999,0.35,0.1,0,1,1,1.25,1.35,1,"102522_S_G",1,1,1,1,1,1,1,0.6,0,1,0,0,0,0,0,,,,,,,,,0,1,0,0,1,,1,,,1,3,,0.2,0.2,-1,0,0.2,0.2,0.2,0.2
50,1,1,"S","102522_S_S",21.65,25,9.539999999999999,0.35,0.1,0,1,1,1,1,1,"102522_S_S",1,1,1,1,1,1,1,0.6,0,1,0,0,0,0,0,,,,,,,,,0,1,0,0,1,,1,,,1,1,,0.2,0.2,-1,0,0.2,0.2,0.2,0.2
52,1,1,"S","102522_P_G",21.65,25,9.539999999999999,0.35,0.1,0,0.95,1,1.25,1.35,1,"102522_P_G",1,1,1,1,1,1,1,0.6,0,1,0,0,0,0,0,,,,,,,,,0,1,0,0,1,,1,,,3,3,,0.2,0.2,-1,0,0.2,0.2,0.2,0.2
53,1,1,"S","102522_P_S",21.65,25,9.539999999999999,0.35,0.1,0,0.95,1,1,1,1,"102522_P_S",1,1,1,1,1,1,1,0.6,0,1,0,0,0,0,0,,,,,,,,,0,1,0,0,1,,1,,,3,1,,0.2,0.2,-1,0,0.2,0.2,0.2,0.2
55,1,1,"Q","102525_C_G",25,25,9.539999999999999,0.35,0.1,0,1.15,1,1.25,1.35,1,"102525_C_G",1.25,1,1,1,1,1,1,0.6,0,1,0,0,0,0,0,,,,,,,,,0,1,0,0,1,,1,,,2,3,,0.2,0.2,-1,0,0.2,0.2,0.2,0.2
56,1,1,"Q","102525_C_S",25,25,9.539999999999999,0.35,0.1,0,1.15,1,1,1,1,"102525_C_S",1.25,1,1,1,1,1,1,0.6,0,1,0,0,0,0,0,,,,,,,,,0,1,0,0,1,,1,,,2,1,,0.2,0.2,-1,0,0.2,0.2,0.2,0.2
58,1,1,"Q","103535_S_G",35,35,9.539999999999999,0.35,0.1,0,1,1,1.25,1.35,1,"103535_S_G",1,1,1,1,1,1,1,0.6,0,1,0,0,0,0,0,,,,,,,,,0,1,0,0,1,,1,,,1,3,,0.2,0.2,-1,0,0.2,0.2,0.2,0.2
60,1,1,"S","133832_C_D",32.48,37.5,12.7,0.35,0.1,0,1.15,1,1.45,1.55,1,"133832_C_D",1.25,1,1,1,1,1,1,0.6,0,1,0,0,0,0,0,,,,,,,,,0,1,0,0,1,,1,,,2,4,,0.2,0.2,-1,0,0.2,0.2,0.2,0.2
61,1,1,"S","133832_C_G",32.48,37.5,12.7,0.35,0.1,0,1.15,1,1.25,1.35,1,"133832_C_G",1.25,1,1,1,1,1,1,0.6,0,1,0,0,0,0,0,,,,,,,,,0,1,0,0,1,,1,,,2,3,,0.2,0.2,-1,0,0.2,0.2,0.2,0.2
63,1,1,"S","072512_S_G",12.5,25,7.2,0.35,0.1,0,1,1,1.25,1.35,1,"072512_S_G",1,1,1,1,1,1,1,0.6,0,1,0,0,0,0,0,,,,,,,,,0,1,0,0,1,,1,,,1,3,,0.2,0.2,-1,0,0.2,0.2,0.2,0.2
64,1,1,"S","072512_S_S",12.5,25,7.2,0.35,0.1,0,1,1,1,1,1,"072512_S_S",1,1,1,1,1,1,1,0.6,0,1,0,0,0,0,0,,,,,,,,,0,1,0,0,1,,1,,,1,1,,0.2,0.2,-1,0,0.2,0.2,0.2,0.2
66,1,1,"S","072512_L_G",12.5,25,7.2,0.35,0.1,0,1.45,1,1.25,1.35,1,"072512_L_G",1.55,1,1,1,1,1,1,0.6,0,1,0,0,0,0,0,,,,,,,,,0,1,0,0,1,,1,,,5,3,,0.2,0.2,-1,0,0.2,0.2,0.2,0.2
67,1,1,"S","072512_L_S",12.5,25,7.2,0.35,0.1,0,1.45,1,1,1,1,"072512_L_S",1.55,1,1,1,1,1,1,0.6,0,1,0,0,0,0,0,,,,,,,,,0,1,0,0,1,,1,,,5,1,,0.2,0.2,-1,0,0.2,0.2,0.2,0.2
69,1,1,"S","102512_S_G",12.5,25,9.539999999999999,0.35,0.1,0,1,1,1.25,1.35,1,"102512_S_G",1,1,1,1,1,1,1,0.6,0,1,0,0,0,0,0,,,,,,,,,0,1,0,0,1,,1,,,1,3,,0.2,0.2,-1,0,0.2,0.2,0.2,0.2
71,1,1,"S","102512_P_D",12.5,25,9.539999999999999,0.35,0.1,0,0.95,1,1.45,1.55,1,"102512_P_D",1,1,1,1,1,1,1,0.6,0,1,0,0,0,0,0,,,,,,,,,0,1,0,0,1,,1,,,3,4,,0.2,0.2,-1,0,0.2,0.2,0.2,0.2
72,1,1,"S","102512_P_G",12.5,25,9.539999999999999,0.35,0.1,0,0.95,1,1.25,1.35,1,"102512_P_G",1,1,1,1,1,1,1,0.6,0,1,0,0,0,0,0,,,,,,,,,0,1,0,0,1,,1,,,3,3,,0.2,0.2,-1,0,0.2,0.2,0.2,0.2
74,1,1,"S","102512_L_D",12.5,25,9.539999999999999,0.35,0.1,0,1.45,1,1.45,1.55,1,"102512_L_D",1.55,1,1,1,1,1,1,0.6,0,1,0,0,0,0,0,,,,,,,,,0,1,0,0,1,,1,,,5,4,,0.2,0.2,-1,0,0.2,0.2,0.2,0.2
75,1,1,"S","102512_L_G",12.5,25,9.539999999999999,0.35,0.1,0,1.45,1,1.25,1.35,1,"102512_L_G",1.55,1,1,1,1,1,1,0.6,0,1,0,0,0,0,0,,,,,,,,,0,1,0,0,1,,1,,,5,3,,0.2,0.2,-1,0,0.2,0.2,0.2,0.2
77,1,1,"S","102522_L_D",21.65,25,9.539999999999999,0.35,0.1,0,1.45,1,1.45,1.55,1,"102522_L_D",1.55,1,1,1,1,1,1,0.6,0,1,0,0,0,0,0,,,,,,,,,0,1,0,0,1,,1,,,5,4,,0.2,0.2,-1,0,0.2,0.2,0.2,0.2
78,1,1,"S","102522_L_G",21.65,25,9.539999999999999,0.35,0.1,0,1.45,1,1.25,1.35,1,"102522_L_G",1.55,1,1,1,1,1,1,0.6,1,1,0,0,0,0,0,,,,,,,,,0,1,0,0,1,,1,,,5,3,,0.2,0.2,-1,0,0.2,0.2,0.2,0.2
80,1,1,"Q","102525_S_D",25,25,9.539999999999999,0.35,0.1,0,1,1,1.45,1.55,1,"102525_S_D",1,1,1,1,1,1,1,0.6,0,1,0,0,0,0,0,,,,,,,,,0,1,0,0,1,,1,,,1,4,,0.2,0.2,-1,0,0.2,0.2,0.2,0.2
82,1,1,"Q","102525_S_S",25,25,9.539999999999999,0.35,0.1,0,1,1,1,1,1,"102525_S_S",1,1,1,1,1,1,1,0.6,1,1,0,0,0,0,0,,,,,,,,,0,1,0,0,1,,1,,,1,1,,0.2,0.2,-1,0,0.2,0.2,0.2,0.2
83,1,1,"Q","102525_P_D",25,25,9.539999999999999,0.35,0.1,0,0.95,1,1.45,1.55,1,"102525_P_D",1,1,1,1,1,1,1,0.6,0,1,0,0,0,0,0,,,,,,,,,0,1,0,0,1,,1,,,3,4,,0.2,0.2,-1,0,0.2,0.2,0.2,0.2
85,1,1,"Q","102525_P_S",25,25,9.539999999999999,0.35,0.1,0,0.95,1,1,1,1,"102525_P_S",1,1,1,1,1,1,1,0.6,0,1,0,0,0,0,0,,,,,,,,,0,1,0,0,1,,1,,,3,1,,0.2,0.2,-1,0,0.2,0.2,0.2,0.2
86,1,1,"Q","102525_L_D",25,25,9.539999999999999,0.35,0.1,0,1.45,1,1.45,1.55,1,"102525_L_D",1.55,1,1,1,1,1,1,0.6,0,1,0,0,0,0,0,,,,,,,,,0,1,0,0,1,,1,,,5,4,,0.2,0.2,-1,0,0.2,0.2,0.2,0.2
88,1,1,"Q","102525_L_S",25,25,9.539999999999999,0.35,0.1,0,1.45,1,1,1,1,"102525_L_S",1.55,1,1,1,1,1,1,0.6,1,1,0,0,0,0,0,,,,,,,,,0,1,0,0,1,,1,,,5,1,,0.2,0.2,-1,0,0.2,0.2,0.2,0.2
89,1,1,"S","133832_C_S",32.48,37.5,12.7,0.35,0.1,0,1.15,1,1,1,1,"133832_C_S",1.25,1,1,1,1,1,1,0.6,0,1,0,0,0,0,0,,,,,,,,,0,1,0,0,1,,1,,,2,1,,0.2,0.2,-1,0,0.2,0.2,0.2,0.2
91,1,1,"S","133832_S_G",32.48,37.5,12.7,0.35,0.1,0,1,1,1.25,1.35,1,"133832_S_G",1,1,1,1,1,1,1,0.6,0,1,0,0,0,0,0,,,,,,,,,0,1,0,0,1,,1,,,1,3,,0.2,0.2,-1,0,0.2,0.2,0.2,0.2
93,1,1,"S","133832_P_D",32.48,37.5,12.7,0.35,0.1,0,0.95,1,1.45,1.55,1,"133832_P_D",1,1,1,1,1,1,1,0.6,0,1,0,0,0,0,0,,,,,,,,,0,1,0,0,1,,1,,,3,4,,0.2,0.2,-1,0,0.2,0.2,0.2,0.2
94,1,1,"S","133832_P_G",32.48,37.5,12.7,0.35,0.1,0,0.95,1,1.25,1.35,1,"133832_P_G",1,1,1,1,1,1,1,0.6,0,1,0,0,0,0,0,,,,,,,,,0,1,0,0,1,,1,,,3,3,,0.2,0.2,-1,0,0.2,0.2,0.2,0.2
96,1,1,"S","133832_L_D",32.48,37.5,12.7,0.35,0.1,0,1.45,1,1.45,1.55,1,"133832_L_D",1.55,1,1,1,1,1,1,0.6,0,1,0,0,0,0,0,,,,,,,,,0,1,0,0,1,,1,,,5,4,,0.2,0.2,-1,0,0.2,0.2,0.2,0.2
97,1,1,"S","133832_L_G",32.48,37.5,12.7,0.35,0.1,0,1.45,1,1.25,1.35,1,"133832_L_G",1.55,1,1,1,1,1,1,0.6,0,1,0,0,0,0,0,,,,,,,,,0,1,0,0,1,,1,,,5,3,,0.2,0.2,-1,0,0.2,0.2,0.2,0.2
99,1,1,"S","165043_S_G",43.3,50,15.88,0.35,0.1,0,1,1,1.25,1.35,1,"165043_S_G",1,1,1,1,1,1,1,0.6,0,1,0,0,0,0,0,,,,,,,,,0,1,0,0,1,,1,,,1,3,,0.2,0.2,-1,0,0.2,0.2,0.2,0.2
100,1,1,"S","165043_S_D",43.3,50,15.88,0.35,0.1,0,1,1,1.45,1.55,1,"165043_S_D",1,1,1,1,1,1,1,0.6,0,1,0,0,0,0,0,,,,,,,,,0,1,0,0,1,,1,,,1,4,,0.2,0.2,-1,0,0.2,0.2,0.2,0.2
102,1,1,"S","165043_C_G",43.3,50,15.88,0.35,0.1,0,1.15,1,1.25,1.35,1,"165043_C_G",1.25,1,1,1,1,1,1,0.6,0,1,0,0,0,0,0,,,,,,,,,0,1,0,0,1,,1,,,2,3,,0.2,0.2,-1,0,0.2,0.2,0.2,0.2
104,1,1,"S","165043_P_D",43.3,50,15.88,0.35,0.1,0,0.95,1,1.45,1.55,1,"165043_P_D",1,1,1,1,1,1,1,0.6,0,1,0,0,0,0,0,,,,,,,,,0,1,0,0,1,,1,,,3,4,,0.2,0.2,-1,0,0.2,0.2,0.2,0.2
105,1,1,"S","165043_P_G",43.3,50,15.88,0.35,0.1,0,0.95,1,1.25,1.35,1,"165043_P_G",1,1,1,1,1,1,1,0.6,0,1,0,0,0,0,0,,,,,,,,,0,1,0,0,1,,1,,,3,3,,0.2,0.2,-1,0,0.2,0.2,0.2,0.2
107,1,1,"S","165043_L_D",43.3,50,15.88,0.35,0.1,0,1.45,1,1.45,1.55,1,"165043_L_D",1.55,1,1,1,1,1,1,0.6,0,1,0,0,0,0,0,,,,,,,,,0,1,0,0,1,,1,,,5,4,,0.2,0.2,-1,0,0.2,0.2,0.2,0.2
108,1,1,"S","165043_L_G",43.3,50,15.88,0.35,0.1,0,1.45,1,1.25,1.35,1,"165043_L_G",1.55,1,1,1,1,1,1,0.6,0,1,0,0,0,0,0,,,,,,,,,0,1,0,0,1,,1,,,5,3,,0.2,0.2,-1,0,0.2,0.2,0.2,0.2
111,1,1,"S","133026_C_G",25.98,30,12.6,0.35,0.1,0,1.15,1,1.25,1.35,1,"133026_C_G",1.25,1,1,1,1,1,1,0.6,0,1,0,0,0,0,0,,,,,,,,,0,1,0,0,1,,1,,,2,3,,0.2,0.2,-1,0,0.2,0.2,0.2,0.2
112,1,1,"S","133026_C_D",25.98,30,12.6,0.35,0.1,0,1.15,1,1.45,1.55,1,"133026_C_D",1.25,1,1,1,1,1,1,0.6,0,1,0,0,0,0,0,,,,,,,,,0,1,0,0,1,,1,,,2,4,,0.2,0.2,-1,0,0.2,0.2,0.2,0.2
114,1,1,"S","133026_S_G",25.98,30,12.6,0.35,0.1,0,1,1,1.25,1.35,1,"133026_S_G",1,1,1,1,1,1,1,0.6,0,1,0,0,0,0,0,,,,,,,,,0,1,0,0,1,,1,,,1,3,,0.2,0.2,-1,0,0.2,0.2,0.2,0.2
116,1,1,"S","133026_P_S",25.98,30,12.6,0.35,0.1,0,0.95,1,1,1,1,"133026_P_S",1,1,1,1,1,1,1,0.6,0,1,0,0,0,0,0,,,,,,,,,0,1,0,0,1,,1,,,3,1,,0.2,0.2,-1,0,0.2,0.2,0.2,0.2
117,1,1,"S","133026_P_G",25.98,30,12.6,0.35,0.1,0,0.95,1,1.25,1.35,1,"133026_P_G",1,1,1,1,1,1,1,0.6,0,1,0,0,0,0,0,,,,,,,,,0,1,0,0,1,,1,,,3,3,,0.2,0.2,-1,0,0.2,0.2,0.2,0.2
119,1,1,"S","133026_L_S",25.98,30,12.6,0.35,0.1,0,1.45,1,1,1,1,"133026_L_S",1.55,1,1,1,1,1,1,0.6,0,1,0,0,0,0,0,,,,,,,,,0,1,0,0,1,,1,,,5,1,,0.2,0.2,-1,0,0.2,0.2,0.2,0.2
120,1,1,"S","133026_L_G",25.98,30,12.6,0.35,0.1,0,1.45,1,1.25,1.35,1,"133026_L_G",1.55,1,1,1,1,1,1,0.6,0,1,0,0,0,0,0,,,,,,,,,0,1,0,0,1,,1,,,5,3,,0.2,0.2,-1,0,0.2,0.2,0.2,0.2
143,1,1,"S","133227_C_G",27.43,31.75,12.6,0.35,0.12,1,1.15,1,1.25,1.35,1,"133227_C_G",1.25,1,1,1,1,1,1,0.6,0,1,0,0,0,0,0,,,,,,,,,0,1,0,0,1,,1,,,2,3,,0.2,0.2,-1,0,0.2,0.2,0.2,0.2
144,1,2,"Q","155030_W_M",30,50,15,0.25,0.1,10,1.35,1,1.1,1,1,"155030_W_M",1.45,0,0,0,0,0,0,0.6,0,1,0,0,0,0,0,,,,,,,,,0,1,0,0,1,,1,,,4,2,,0.2,0.2,-1,0,0.2,0.2,0.2,0.2
146,1,1,"S","104313_S_S",12.5,43.3,10.1,0.3,0.18,1.26,1,1,1,1,1,"104313_S_S",1,1,1,1,1,1,1,0,0,1,0,0,0,0,0,,,,,,,,,0,1,0,0,1,,1,,,1,1,,0.2,0.2,-1,0,0.2,0.2,0.2,0.2
156,1,1,"S","166030_x_S",30,60,15.88,0.35,0.1,0,1,1,1,1,1,"166030_x_S",1,1,1,1,1,1,1,0,1,1,0,1,0,0,0,,,,,,,,,0,1,0,0,1,,1,,,1,1,,0.2,0.2,-1,0,0.2,0.2,0.2,0.2
157,1,1,"Q","166060_x_S",60,60,15.88,0.35,0.1,0,1,1,1,1,1,"166060_x_S",1,1,1,1,1,1,1,0,1,1,0,1,0,0,0,,,,,,,,,0,1,0,0,1,,1,,,1,1,,0.2,0.2,-1,0,0.2,0.2,0.2,0.2
159,1,2,"S","162719_x_S",19,27,15.88,0.35,0.1,0,1,1,1,1,1,"162719_x_S",1,1,1,1,1,1,1,0,1,1,0,1,0,0,0,,,,,,,,,0,1,0,0,1,,1,,,1,1,,0.2,0.2,-1,0,0.2,0.2,0.2,0.2
160,1,2,"Q","195050_x_S",50,50,19,0.35,0.1,0,1,1,1,1,1,"195050_x_S",1,1,1,1,1,1,1,0,1,1,0,1,0,0,0,,,,,,,,,0,1,0,0,1,,1,,,1,1,,0.2,0.2,-1,0,0.2,0.2,0.2,0.2
165,1,1,"S","165049_S_S",48.9,50,16,0.35,0.1,0,1,1,1,1,1,"165049_S_S",1,1,1,1,1,1,1,0.6,0,1,0,0,0,0,0,,,,,,,,,0,1,0,0,1,,1,,,1,1,,0.2,0.2,-1,0,0.2,0.2,0.2,0.2
168,1,1,"S","122525_x_S",25,25,12,0.3,0.1,0,1,1,1,1,1,"122525_x_S",1,1,1,1,1,1,1,0.6,1,1,0,1,0,0,0,0,0,0,0,0,0,0,0,0,1,0,0,1,0,1,0,0,1,1,,0.2,0.2,-1,0,0.2,0.2,0.2,0.2
169,1,1,"S","133228_C_S F Lantery EVP - CN COLD",27.5,31.75,13.3,0.35,0.13,0,1.15,1,1,1,1,"133228_C_S F Lantery EVP - CN COLD",1.25,1,1,1,1,1,0,0.600000023841858,1,1,0,0,0,0,0,0,0.3,0,0.3,0,0.3,0,0.3,0,1,0,0,1,0,1,0,0,2,1,"                                                                                                                                                                                                                                                          ",0.2,0.2,-1,0,0.2,0.2,0.2,0.2
170,1,1,"S","102522_SW_S_cncold",22,25.4,10.3,0.3,0.15,0,1.15,1,1,1,1,"102522_SW_S_cncold",1.25,1,1,1,1,1,0,0.6,0,1,0,0,0,0,0,0,0,0,0,0,0,0,0,0,1,0,0,1,0,1,0,0,2,1,"                                                                                                                                                                                                                                                          ",0.2,0.2,0,0,0.2,0.2,0.2,0.2
171,1,1,"S","071912_S_S",12,19,7,0.28,0.12,1.26,1,1,1,1,1,"071912_S_S",1,1,1,1,1,1,1,0,0,1,0,0,0,0,0,0,0,0,0,0,0,0,0,0,1,0,0,1,0,1,0,0,1,1,"                                                                                                                                                                                                                                                          ",0.2,0.2,-1,0,0.2,0.2,0.2,0.2
172,1,1,"S","133833_C_STrineva EVP - CN COLD",33,38.1,13.3,0.4,0.15,0,1.15,1,1,1,1,"133833_C_STrineva EVP - CN COLD",1.25,1,1,1,1,1,0,0.6,1,1,0,0,0,0,0,0,0,0,0,0,0,0,0,0,1,0,0,1,0,1,0,0,2,1,"                                                                                                                                                                                                                                                          ",0.2,0.2,0,0,0.2,0.2,0.2,0.2
173,1,1,"S","165050_C_S - MIPAL50X50-CONGELADOS",50,50,15.87,0.5,0.12,0,1.15,1,1,1,1,"165050_C_S - MIPAL50X50-CONGELADOS",1.25,1,1,1,1,1,1,0.6,0,1,0,0,0,0,0,0,0,0,0,0,0,0,0,0,1,0,0,1,0,1,0,0,2,1,"                                                                                                                                                                                                                                                          ",0.2,0.2,0,0,0.2,0.2,0.2,0.2
174,1,1,"S","165050_C_S_mipal_50x50_inox",50,50,15.87,0.25,0.25,0,1.15,1,1,1,1,"165050_C_S_mipal_50x50_inox",1.25,1,1,1,1,1,1,0.6,0,1,0,0,0,0,0,0,0,0,0,0,0,0,0,0,1,0,0,1,0,1,0,0,2,1,"                                                                                                                                                                                                                                                          ",0.2,0.2,0,0,0.2,0.2,0.2,0.2
